<?xml version="1.0" encoding="UTF-8"?>
<tumblr version="1.0"><conversations><conversation status="ACTIVE"><participants><participant avatar_url="https://66.media.tumblr.com/avatar_9aeca177f6da_64.png">fuckyeahfilmtitles</participant><participant avatar_url="https://assets.tumblr.com/images/default_avatar/cone_closed_64.png">2hk88</participant></participants><messages><message ts="1533531905" participant="t:A8OzZetS_BRwDw1TqTRu1w" type="POSTREF">https://2hk88.tumblr.com/post/176685106119/issuu-inc</message></messages></conversation><conversation status="ACTIVE"><participants><participant avatar_url="https://66.media.tumblr.com/avatar_83d805306f01_64.png">sundownedits</participant><participant avatar_url="https://assets.tumblr.com/images/default_avatar/cone_closed_64.png">2hk88</participant></participants><messages><message ts="1533531904" participant="t:A8OzZetS_BRwDw1TqTRu1w" type="POSTREF">https://2hk88.tumblr.com/post/176685106119/issuu-inc</message></messages></conversation><conversation status="ACTIVE"><participants><participant avatar_url="https://66.media.tumblr.com/avatar_c6d428f051d2_64.png">freshmoviequotes</participant><participant avatar_url="https://assets.tumblr.com/images/default_avatar/cone_closed_64.png">2hk88</participant></participants><messages><message ts="1533531903" participant="t:A8OzZetS_BRwDw1TqTRu1w" type="POSTREF">https://2hk88.tumblr.com/post/176685106119/issuu-inc</message></messages></conversation><conversation status="ACTIVE"><participants><participant avatar_url="https://66.media.tumblr.com/avatar_4c0dad659db7_64.png">mycelebgirlfriends</participant><participant avatar_url="https://assets.tumblr.com/images/default_avatar/cone_closed_64.png">2hk88</participant></participants><messages><message ts="1533531902" participant="t:A8OzZetS_BRwDw1TqTRu1w" type="POSTREF">https://2hk88.tumblr.com/post/176685106119/issuu-inc</message></messages></conversation><conversation status="ACTIVE"><participants><participant avatar_url="https://assets.tumblr.com/images/default_avatar/cone_closed_64.png">2hk88</participant><participant avatar_url="https://assets.tumblr.com/images/default_avatar_64.png">chatab-blog</participant></participants><messages><message ts="1533531901" participant="t:A8OzZetS_BRwDw1TqTRu1w" type="POSTREF">https://2hk88.tumblr.com/post/176685106119/issuu-inc</message></messages></conversation></conversations></tumblr>
